name,playerID,Real_OPS,OPS_Nuestro,Steamer_OPS,ZiPS_OPS,Error_Nuestro,Error_Steamer,Error_ZiPS,Ganador
CJ Abrams,abramcj01,0.74700822,0.6747845,0.732350194203681,0.7065505970248815,0.07222373847457886,0.01465802579631903,0.04045762297511846,Steamer
Willy Adames,adamewi01,0.793690429,0.76391196,0.7556876874202715,0.7927120703790491,0.0297784664908447,0.038002741579728494,0.0009783586209508588,ZiPS
Ozzie Albies,albieoz01,0.706957046,0.72656614,0.8207502293408191,0.8054550786978198,0.01960908988333132,0.11379318334081912,0.09849803269781987,Nuestro
Nick Allen,allenni02,0.463108954,0.5565939,0.6507557407523679,0.6252491253982456,0.09348494095849608,0.18764678675236784,0.1621401713982456,Nuestro
Pete Alonso,alonspe01,0.78837798,0.83032924,0.8584205680300176,0.828532728881026,0.04195125936843869,0.07004258803001762,0.04015474888102599,ZiPS
Jose Altuve,altuvjo01,0.789930327,0.85943836,0.8171759638564323,0.8186619861042426,0.06950803273739625,0.02724563685643233,0.02873165910424258,Steamer
Francisco Alvarez,alvarfr01,0.709614945,0.6900698,0.7746431103066349,0.727022067842179,0.019545150345153806,0.06502816530663491,0.017407122842179046,ZiPS
Yordan Alvarez,alvaryo01,0.959154969,0.93379575,0.9893458028552344,0.98543056514071,0.02535921885885617,0.030190833855234467,0.026275596140710067,Nuestro
Tim Anderson,anderti01,0.463010248,0.6813267,0.7097548342031125,0.6871746981552951,0.218316439335968,0.24674458620311246,0.22416445015529507,Nuestro
Orlando Arcia,arciaor01,0.625116638,0.6333076,0.7280534109992522,0.7111587982832619,0.008190938179504448,0.1029367729992523,0.08604216028326195,Nuestro
Nolan Arenado,arenano01,0.719384802,0.81886727,0.7889163882047551,0.7813019808240409,0.09948246417813111,0.06953158620475508,0.06191717882404091,ZiPS
Gabriel Arias,ariasga01,0.607599561,0.64501685,0.7084996683688412,0.6628418304246255,0.0374172880409851,0.10090010736884114,0.05524226942462551,Nuestro
Randy Arozarena,arozara01,0.719768265,0.7993557,0.7923096086249427,0.8064716881902647,0.07958742071090696,0.07254134362494269,0.0867034231902647,Steamer
Luis Arraez,arraelu01,0.738733334,0.7140035,0.8043711547214258,0.7869525823014194,0.024729830677398645,0.06563782072142588,0.04821924830141944,Nuestro
Akil Baddoo,baddoak01,0.520882058,0.67781526,0.7251767804031878,0.7219836072525488,0.15693320050296022,0.2042947224031878,0.20110154925254886,Nuestro
Harrison Bader,baderha01,0.656887188,0.6659348,0.6993920663782442,0.71291232688133,0.00904761310168456,0.04250487837824424,0.05602513888132998,Nuestro
Ji Hwan Bae,baeji01,0.463129796,0.6234988,0.6981811774381033,0.6426923076923077,0.16036900141668703,0.23505138143810328,0.1795625116923077,Nuestro
Javier Baez,baezja01,0.515570934,0.7116176,0.684603928229238,0.6567426669179071,0.19604665499688723,0.169032994229238,0.14117173291790708,ZiPS
Patrick Bailey,bailepa01,0.636691268,0.64606553,0.6586334838248992,0.6540824017083281,0.009374265161163353,0.02194221582489919,0.01739113370832812,Nuestro
Brett Baty,batybr01,0.632679737,0.61542153,0.7382741306081375,0.712125640408486,0.017258203415405293,0.1055943936081375,0.07944590340848601,Nuestro
Jake Bauers,bauerja01,0.661505186,0.7189856,0.6965259059790596,0.714770523594053,0.05748043116079715,0.035020719979059645,0.05326533759405305,Steamer
Cody Bellinger,bellico01,0.751488399,0.6475886,0.7735220051189118,0.7686843217779925,0.10389978835089109,0.022033606118911808,0.017195922777992534,ZiPS
Josh Bell,belljo02,0.724602453,0.8017733,0.7864448629464552,0.77002177843524,0.07717085670764157,0.06184240994645518,0.045419325435239966,ZiPS
Andrew Benintendi,beninan01,0.685498445,0.73081136,0.728851991035563,0.7456677586288754,0.045312912498168934,0.04335354603556296,0.06016931362887534,Steamer
Will Benson,bensowi01,0.649995102,0.803155,0.7449917819136993,0.756465784605095,0.15315990297817994,0.09499667991369931,0.10647068260509496,Steamer
Jon Berti,bertijo01,0.660647571,0.635417,0.6879456787521168,0.6719472484532726,0.025230586441894576,0.027298107752116718,0.011299677453272539,ZiPS
Christian Bethancourt,bethach01,0.608285784,0.62067795,0.6890516074464039,0.7055612103266401,0.012392163998046879,0.08076582344640393,0.0972754263266401,Nuestro
Mookie Betts,bettsmo01,0.863204134,0.94100815,0.891116064228816,0.895130970724191,0.07780401657754521,0.027911930228815995,0.031926836724191054,Steamer
Bo Bichette,bichebo01,0.598329122,0.8069778,0.81128144863333,0.8040173724212811,0.2086486864754944,0.21295232663332997,0.20568825042128114,ZiPS
Cavan Biggio,biggica01,0.616827852,0.68457454,0.6991082925781901,0.6997757073844031,0.06774669242977904,0.08228044057819006,0.08294785538440308,Nuestro
Charlie Blackmon,blackch02,0.74068404,0.744985,0.7730804807447182,0.7531133286310605,0.004300944397888196,0.03239644074471826,0.01242928863106052,Nuestro
JJ Bleday,bledajj01,0.761555916,0.6705922,0.7075178922974081,0.6868388528275446,0.09096372716485601,0.05403802370259192,0.07471706317245541,Steamer
Xander Bogaerts,bogaexa01,0.687536585,0.7759882,0.784386615099283,0.7700604316546763,0.08845163616851803,0.09685003009928295,0.08252384665467627,ZiPS
Alec Bohm,bohmal01,0.779336597,0.7179807,0.7681233612061886,0.7362272617701051,0.06135591415011599,0.011213235793811394,0.04310933522989491,Steamer
Alex Bregman,bregmal01,0.768125227,0.81528854,0.8245372466118612,0.8203177257525084,0.04716331670117191,0.056412019611861264,0.05219249875250842,Nuestro
Will Brennan,brennwi02,0.696660656,0.64495045,0.7182903993667515,0.6949803395536618,0.05171020653329472,0.021629743366751497,0.0016803164463382592,ZiPS
Seth Brown,brownse01,0.661532258,0.7386242,0.7341161143416004,0.7341104065647146,0.07709195712603756,0.07258385634160036,0.07257814856471456,ZiPS
Kris Bryant,bryankr01,0.623332524,0.8129657,0.7938569917972809,0.8001844709039074,0.18963316708963007,0.1705244677972808,0.17685194690390738,Steamer
Jake Burger,burgeja01,0.760331218,0.8023603,0.7664559778181118,0.7915996188036057,0.04202907824938962,0.00612475981811178,0.03126840080360571,Steamer
Alec Burleson,burleal01,0.734664508,0.6806266,0.7676392919908028,0.743258547008547,0.05403793682156377,0.03297478399080278,0.008594039008546939,ZiPS
Byron Buxton,buxtoby01,0.858995207,0.82195854,0.7742093019043197,0.8180848203783984,0.037036665129882795,0.08478590509568029,0.040910386621601624,Nuestro
Oswaldo Cabrera,cabreos01,0.66084479,0.5850419,0.6910187124694891,0.6779189352692074,0.07580290939239498,0.030173922469489134,0.017074145269207475,ZiPS
Alex Call,callal01,0.950031286,0.6535604,0.7167116365953381,0.7060309935374226,0.2964708859908447,0.23331964940466188,0.24400029246257737,Steamer
Jeimer Candelario,candeje01,0.707189138,0.7155519,0.7650415948644099,0.8083249496981891,0.008362774784576366,0.057852456864409874,0.10113581169818908,Nuestro
Mark Canha,canhama01,0.690211823,0.7614852,0.7588537296337592,0.786064860079482,0.07127339600177007,0.06864190663375924,0.095853037079482,Steamer
Dylan Carlson,carlsdy01,0.563388196,0.68224466,0.762822454869506,0.7464754496840058,0.1188564624701538,0.19943425886950594,0.1830872536840058,Nuestro
Kerry Carpenter,carpeke01,0.931831109,0.7852847,0.7645689322430957,0.7538097272662536,0.14654641099050902,0.16726217675690425,0.17802138173374638,Nuestro
Corbin Carroll,carroco02,0.749429706,0.81280375,0.8368337329892095,0.8148620344230945,0.06337403926977536,0.08740402698920946,0.06543232842309443,Nuestro
Triston Casas,casastr01,0.799712709,0.8052984,0.8590135477918444,0.8455058271586551,0.005585679004302957,0.059300838791844335,0.045793118158655055,Nuestro
Nick Castellanos,casteni01,0.741770458,0.7800744,0.7518516762303913,0.7513368983957219,0.038303959591095005,0.01008121823039132,0.009566440395721965,ZiPS
Willi Castro,castrwi01,0.716534942,0.6924619,0.7013153167035975,0.6914914914914915,0.024073034136383065,0.015219625296402528,0.025043450508508536,Steamer
Matt Chapman,chapmma01,0.790274846,0.7565738,0.7351485731074767,0.7715803452855245,0.03370104972772214,0.055126272892523254,0.018694500714475426,ZiPS
Michael Conforto,confomi01,0.759197918,0.77937645,0.7530551989423446,0.7419829155580451,0.02017852920077512,0.006142719057655399,0.017215002441954952,Steamer
Willson Contreras,contrwi01,0.848326806,0.79802704,0.7958528881015108,0.7653833629737244,0.05029976742578124,0.05247391789848921,0.08294344302627554,Nuestro
William Contreras,contrwi02,0.830789222,0.8114213,0.8141239920853403,0.7874472392848564,0.01936794686114507,0.016665229914659796,0.04334198271514367,Steamer
Garrett Cooper,coopega03,0.566306799,0.75672394,0.7273910000954367,0.7272794039098387,0.190417141372467,0.16108420109543664,0.16097260490983867,ZiPS
Carlos Correa,correca01,0.905219521,0.7584481,0.7859649299199443,0.7809641097818438,0.14677139706811526,0.11925459108005576,0.1242554112181562,Steamer
Brandon Crawford,crawfbr01,0.54419014,0.5710007,0.6850400251014752,0.7017164889787006,0.02681055522857667,0.14084988510147523,0.15752634897870066,Nuestro
Jake Cronenworth,croneja01,0.713567637,0.7180228,0.7372953765124959,0.7410716519364857,0.004455186333740202,0.02372773951249585,0.027504014936485688,Nuestro
Travis d'Arnaud,darnatr01,0.738534869,0.7880844,0.7282547046114792,0.7414745708980571,0.04954951877923586,0.010280164388520752,0.0029397018980571454,ZiPS
Henry Davis,davishe01,0.453205127,0.66001904,0.7471288600501693,0.7470159929963914,0.20681391310772707,0.29392373305016933,0.29381086599639145,Nuestro
Paul DeJong,dejonpa01,0.702899901,0.6502455,0.6494180395172631,0.6675010744694444,0.05265441331002807,0.053481861482736925,0.035398826530555594,ZiPS
Bryan De La Cruz,delacbr01,0.654093043,0.7108217,0.7415338066502135,0.7435764531654943,0.056728645175201375,0.08744076365021347,0.08948341016549421,Nuestro
Elly De La Cruz,delacel01,0.8094905,0.6848871,0.7514946019991975,0.7410099784834439,0.1246033888130188,0.057995898000802515,0.06848052151655615,Steamer
Rafael Devers,deverra01,0.870599793,0.81434166,0.8931013421912889,0.8682098845843211,0.05625812868572999,0.022501549191288883,0.0023899084156788764,ZiPS
Elias Diaz,diazel01,0.694928774,0.66248494,0.7123551421854675,0.7182066846522782,0.032443830133270235,0.0174263681854675,0.023277910652278244,Steamer
Yandy Diaz,diazya01,0.755239214,0.8738887,0.8576628257350865,0.8136021300874857,0.1186494573981628,0.1024236117350864,0.05836291608748567,ZiPS
Yainer Diaz,diazya02,0.765742926,0.805141,0.7997612057519583,0.7506995631995632,0.039398046137451126,0.03401827975195826,0.015043362800436832,ZiPS
Brendan Donovan,donovbr01,0.759401029,0.79549855,0.7826561568371867,0.7416040884438881,0.036097520938201955,0.02325512783718675,0.017796940556111807,ZiPS
Brenton Doyle,doylebr02,0.763689789,0.6112296,0.6595827344727234,0.6636750052902265,0.15246019047781367,0.10410705452727653,0.10001478370977346,ZiPS
Brandon Drury,drurybr01,0.469358973,0.75188357,0.747304811047276,0.7301942694775271,0.2825245933795471,0.27794583804727596,0.26083529647752707,ZiPS
Mauricio Dubon,dubonma01,0.657167105,0.66619205,0.7059388043314322,0.6822962222499895,0.009024949748535183,0.04877169933143222,0.025129117249989563,Nuestro
Ezequiel Duran,duranez01,0.60861482,0.7375934,0.7344730769927184,0.7113029827315542,0.128978592399292,0.12585825699271835,0.10268816273155423,ZiPS
Jarren Duran,duranja01,0.83376513,0.7764879,0.7450166451316697,0.7375621692066279,0.0572772430943298,0.08874848486833031,0.0962029607933721,Nuestro
Adam Duvall,duvalad01,0.568886888,0.7350736,0.6939380036949794,0.7406415181537218,0.16618673804141237,0.1250511156949794,0.17175463015372183,Steamer
Tommy Edman,edmanto01,0.711383834,0.74647176,0.7269680390924358,0.7184739531108246,0.03508792865716548,0.015584205092435743,0.007090119110824578,ZiPS
Santiago Espinal,espinsa01,0.650315939,0.6472411,0.7205584346476707,0.7077789815817985,0.0030748234299315946,0.07024249564767071,0.057463042581798573,Nuestro
Thairo Estrada,estrath01,0.590125753,0.7312527,0.7210075211690539,0.7119647705166848,0.1411269172880859,0.13088176816905384,0.1218390175166848,ZiPS
Stuart Fairchild,faircst01,0.654135337,0.7415595,0.6914842887171377,0.7265419467991816,0.08742416846264645,0.0373489517171377,0.07240660979918156,Steamer
Kyle Farmer,farmeky01,0.646876801,0.7098265,0.6905544475028257,0.6731254021950255,0.06294972802603149,0.043677646502825684,0.02624860119502548,ZiPS
Wilmer Flores,florewi01,0.594616513,0.70282173,0.7754015075867162,0.7826930037747557,0.10820521856738285,0.18078499458671626,0.18807649077475574,Nuestro
Mike Ford,fordmi01,0.410752687,0.72656965,0.7177396345378041,0.780835710689713,0.31581696555737304,0.3069869475378041,0.370083023689713,Steamer
Nick Fortes,forteni01,0.577328159,0.5757585,0.6916183907563842,0.688010849909584,0.0015696422115173414,0.1142902317563842,0.11068269090958405,Nuestro
Jake Fraley,fraleja01,0.715557216,0.78299767,0.7789892646004104,0.7655994550408719,0.06744045178945923,0.0634320486004104,0.050042239040871905,ZiPS
Ty France,francty01,0.670017364,0.734747,0.7634633650596675,0.7433674588048776,0.06472962858804321,0.0934460010596675,0.07335009480487764,Nuestro
Adam Frazier,fraziad01,0.57568007,0.66539717,0.7062869977707489,0.706605890847092,0.08971709720581056,0.1306069277707489,0.13092582084709203,Nuestro
Freddie Freeman,freemfr01,0.853757706,0.90985954,0.8961591849210775,0.88749635219077,0.0561018320783081,0.042401478921077485,0.03373864619077005,ZiPS
TJ Friedl,friedtj01,0.690205893,0.8094561,0.7584996221069052,0.7577114469893463,0.11925021700061034,0.06829372910690523,0.06750555398934632,ZiPS
Joey Gallo,gallojo01,0.613245945,0.7489663,0.7220390872590359,0.7309563731848524,0.13572033164566044,0.10879314225903591,0.11771042818485244,Steamer
Adolis Garcia,garciad02,0.684144427,0.75927424,0.7650138465703874,0.7844750605944635,0.07512981730847168,0.0808694195703874,0.10033063359446348,Nuestro
Maikel Garcia,garcima01,0.613524395,0.6782832,0.7178142731085607,0.6765438376884161,0.0647588195690918,0.10428987810856072,0.06301944268841608,ZiPS
Mitch Garver,garvemi01,0.626645966,0.8717842,0.7680798639239101,0.746257527960998,0.24513824420507813,0.14143389792391015,0.11961156196099798,ZiPS
Zack Gelof,gelofza01,0.632393626,0.8186763,0.7181053166221257,0.7014141048824594,0.1862826668962707,0.08571169062212569,0.06902047888245932,ZiPS
Andres Gimenez,gimenan01,0.638035339,0.68146276,0.7567956031377123,0.7635447553667278,0.043427425739990255,0.11876026413771235,0.12550941636672786,Nuestro
Paul Goldschmidt,goldspa01,0.715561833,0.9417026,0.8278899605516367,0.8063331859553902,0.22614077129382326,0.11232812755163668,0.09077135295539018,ZiPS
Yan Gomes,gomesya01,0.420705609,0.66617733,0.6971538501990997,0.6843299711815563,0.24547172340127565,0.2764482411990997,0.26362436218155627,Nuestro
Nolan Gorman,gormano01,0.671144278,0.7882956,0.7930228427030753,0.7841269841269841,0.11715134864031984,0.12187856470307534,0.11298270612698413,ZiPS
Yuli Gurriel,gourryu01,0.634757834,0.71830213,0.7130593322307913,0.7319644874899112,0.08354429669915775,0.07830149823079136,0.0972066534899112,Steamer
Yasmani Grandal,grandya01,0.704166666,0.6791564,0.7081325771430595,0.6954945002161488,0.025010243384948727,0.003965911143059553,0.008672165783851216,Steamer
Riley Greene,greenri02,0.826714595,0.78651625,0.7803914032853578,0.7735160965794768,0.04019834582015991,0.046323191714642165,0.053198498420523155,Nuestro
Randal Grichuk,grichra01,0.875229305,0.7447294,0.707812965318303,0.6931920834359859,0.13049990531890865,0.167416339681697,0.18203722156401403,Nuestro
Trent Grisham,grishtr01,0.675329932,0.6640494,0.72654540608034,0.7264654291795714,0.011280545021850608,0.051215474080339995,0.05113549717957133,Nuestro
Robbie Grossman,grossro01,0.615718209,0.7043461,0.6935530177945339,0.7043361813271947,0.08862791135751347,0.07783480879453397,0.0886179723271947,Steamer
Eric Haase,haaseer01,0.819499341,0.6173389,0.6537929145837448,0.6723372781065089,0.2021604452022705,0.16570642641625521,0.1471620628934911,ZiPS
Garrett Hampson,hampsga01,0.575578653,0.68775433,0.6515254967863299,0.6678544433646474,0.1121756800192566,0.07594684378632988,0.09227579036464739,Steamer
Ian Happ,happia01,0.782068463,0.7815155,0.7730574693791492,0.782210097133949,0.0005529839121704017,0.009010993620850782,0.00014163413394896462,ZiPS
Bryce Harper,harpebr03,0.898470418,0.90599585,0.9064732547276426,0.914303774607188,0.007525427794677686,0.00800283672764257,0.015833356607187987,Nuestro
Ke'Bryan Hayes,hayeske01,0.57323924,0.7092862,0.7506135314094342,0.7121985262423285,0.13604697292114254,0.17737429140943417,0.13895928624232845,Nuestro
Austin Hays,haysau01,0.698894286,0.7544008,0.7423437288357693,0.7594821318511793,0.055506503737701385,0.043449442835769236,0.06058784585117927,Steamer
Jonah Heim,heimjo01,0.602314425,0.7180759,0.7293895134927203,0.7355735102065146,0.11576144646759035,0.1270750884927203,0.13325908520651464,Nuestro
Gunnar Henderson,hendegu01,0.892966421,0.8230849,0.8195329889861376,0.8161207664884136,0.06988153015756227,0.07343343201386243,0.07684565451158643,Nuestro
Enrique Hernandez,hernaen02,0.65354042,0.6685391,0.6972968421739412,0.6700659097421912,0.014998686845855702,0.043756422173941156,0.016525489742191146,Nuestro
Teoscar Hernandez,hernate01,0.840326622,0.8050442,0.7730456146345189,0.7860636963202541,0.03528244780566403,0.06728100736548104,0.05426292567974589,Nuestro
Jason Heyward,heywaja01,0.700218444,0.7295012,0.7330930753494644,0.7251414478456405,0.02928274380136109,0.032874631349464445,0.0249230038456405,ZiPS
Aaron Hicks,hicksaa01,0.415204678,0.7239193,0.705172675012713,0.6951442503047541,0.30871459442279053,0.289967997012713,0.27993957230475414,ZiPS
Kyle Higashioka,higasky01,0.738968534,0.70549333,0.6794267596452808,0.6395871653382383,0.033475203044494584,0.05954177435471919,0.09938136866176162,Nuestro
Nico Hoerner,hoernni01,0.708265649,0.73645145,0.7445037168312745,0.7269980174060964,0.028185798010040286,0.03623806783127448,0.018732368406096378,ZiPS
Andy Ibanez,ibanean01,0.652224824,0.7381183,0.7267793652190806,0.7244310857999954,0.08589346690118405,0.07455454121908056,0.07220626179999534,ZiPS
Jonathan India,indiajo01,0.749600389,0.7293257,0.7694972715094037,0.7643777023571529,0.0202746772728577,0.01989688250940369,0.014777313357152821,ZiPS
Kyle Isbel,isbelky01,0.654268839,0.68433946,0.708833874113675,0.7172865935242173,0.03007062471078492,0.05456503511367505,0.06301775452421732,Nuestro
Travis Jankowski,jankotr01,0.507805746,0.7034945,0.6866600223564026,0.64126343116752,0.1956887431929627,0.1788542763564026,0.1334576851675201,ZiPS
Danny Jansen,janseda01,0.657562838,0.702297,0.7570154694755747,0.7998817693474183,0.044734134274780235,0.0994526314755747,0.14231893134741824,Nuestro
Ryan Jeffers,jeffery01,0.731607799,0.8191816,0.7414638320734128,0.7390808039223025,0.08757382207467657,0.009856033073412873,0.0074730049223025174,ZiPS
Eloy Jimenez,jimenel02,0.625818033,0.8030551,0.8192497971633599,0.8046688176124501,0.17723707459353633,0.19343176416335983,0.17885078461245008,Nuestro
Connor Joe,joeco01,0.687843406,0.76632273,0.7318418078090827,0.7476882262967829,0.07847932597174068,0.043998401809082655,0.05984482029678284,Steamer
Nolan Jones,jonesno01,0.641258445,0.82510126,0.8207432773822778,0.8552536231884058,0.18384281137054448,0.17948483238227786,0.21399517818840585,Steamer
Aaron Judge,judgeaa01,1.15928922,0.89546925,0.9476158038438636,0.9588952812097205,0.2638199717051697,0.21167341615613644,0.20039393879027956,ZiPS
Edouard Julien,julieed01,0.615667073,0.80810106,0.7546968486386066,0.7548698071953885,0.1924339850062866,0.13902977563860663,0.13920273419538853,Steamer
Corey Julks,julksco01,0.581490656,0.6506374,0.6918439259895077,0.7092046061160681,0.06914673222937007,0.11035326998950767,0.127713950116068,Nuestro
Josh Jung,jungjo01,0.719220654,0.78130347,0.7535312599978778,0.753163624540887,0.06208281136636351,0.03431060599787783,0.03394297054088702,ZiPS
Jarred Kelenic,kelenja01,0.678918168,0.7189174,0.7544379318090157,0.7250634294497842,0.03999926144717403,0.0755197638090157,0.04614526144978415,Nuestro
Max Kepler,keplema01,0.681942319,0.7155407,0.7715574712828117,0.7677925523158187,0.033598388111358624,0.0896151522828117,0.08585023331581865,Nuestro
Kevin Kiermaier,kiermke01,0.549967589,0.70710725,0.6877018997552313,0.6837072987337013,0.15713965692208864,0.13773431075523135,0.1337397097337013,ZiPS
Ha-Seong Kim,kimha01,0.70019915,0.6915723,0.716852386345137,0.7105392156862745,0.008626841459655754,0.016653236345137046,0.010340065686274547,Nuestro
Isiah Kiner-Falefa,kineris01,0.682632118,0.6562827,0.6743239838325245,0.6366198519643196,0.02634939505001832,0.008308134167475556,0.04601226603568043,Steamer
Alex Kirilloff,kirilal01,0.653310719,0.80676,0.766716504323065,0.7243349604571083,0.15344929410348507,0.113405785323065,0.07102424145710828,ZiPS
Alejandro Kirk,kirkal01,0.677476378,0.6797878,0.7902891714288934,0.7477432268613797,0.0023114366171569367,0.11281279342889339,0.07026684886137968,Nuestro
Steven Kwan,kwanst01,0.793029739,0.716435,0.7555957796356676,0.7165857398415538,0.07659472379843135,0.03743395936433236,0.07644399915844613,Steamer
Shea Langeliers,langesh01,0.738596981,0.70004463,0.706292131523224,0.7077758913412564,0.03855234904199223,0.03230484947677603,0.03082108965874364,ZiPS
Ramon Laureano,laurera01,0.747742548,0.7179501,0.7020814037550418,0.7161835748792271,0.029792442332885694,0.04566114424495815,0.031558973120772826,Nuestro
DJ LeMahieu,lemahdj01,0.527428933,0.7397371,0.7301558949982774,0.7079048037125297,0.21230816044863887,0.20272696199827733,0.18047587071252968,ZiPS
Francisco Lindor,lindofr01,0.843976777,0.7534886,0.7782758460455911,0.7746651952970669,0.09048817674594112,0.06570093095440888,0.06931158170293306,Steamer
Nicky Lopez,lopezni01,0.606042741,0.6387027,0.6427342127515501,0.6203844241488499,0.03265994960134888,0.036691471751550075,0.01434168314884987,ZiPS
Brandon Lowe,lowebr01,0.783315507,0.77753156,0.7766274446029421,0.7901889405575406,0.005783942764312711,0.006688062397057881,0.006873433557540665,Nuestro
Josh Lowe,lowejo01,0.693260425,0.7923031,0.7630075706542992,0.7579325701285184,0.09904266032714848,0.06974714565429929,0.06467214512851849,ZiPS
Nathaniel Lowe,lowena01,0.762296513,0.8251696,0.7994200592670935,0.7946143575108452,0.0628731098981018,0.037123546267093466,0.032317844510845184,ZiPS
Manny Machado,machama01,0.797214259,0.83603406,0.8238778443490318,0.803510226644555,0.03881980052453615,0.026663585349031793,0.006295967644554978,ZiPS
Nick Madrigal,madrini01,0.535383845,0.6601769,0.7168016038672262,0.7009345794392523,0.12479302820709226,0.18141775886722622,0.16555073443925228,Nuestro
Martin Maldonado,maldoma01,0.40324074,0.61221236,0.6062683534510693,0.5578246280039318,0.20897161990524293,0.20302761345106934,0.15458388800393186,ZiPS
Manuel Margot,margoma01,0.62598162,0.6990869,0.722485268891909,0.7214056138847225,0.07310528452575682,0.09650364889190899,0.09542399388472245,Nuestro
Brandon Marsh,marshbr02,0.747081339,0.75161195,0.7302958222325044,0.7188155136268344,0.004530609013305709,0.016785516767495512,0.028265825373165576,Nuestro
Ketel Marte,marteke01,0.931736501,0.7755997,0.8154402360355346,0.8257081482074478,0.15613678290612798,0.11629626496446543,0.1060283527925523,ZiPS
Starling Marte,martest01,0.715035177,0.77199477,0.7230504466055535,0.7146874324032014,0.056959592573211704,0.008015269605553543,0.0003477445967985382,ZiPS
Michael Massey,massemi02,0.74258049,0.6604453,0.72047167264301,0.7190800088002347,0.08213521707748417,0.022108817356989996,0.023500481199765333,Steamer
Jorge Mateo,mateojo01,0.668031957,0.64256734,0.665175836147335,0.6550052687038989,0.0254646204407043,0.002856120852664956,0.013026688296101097,Steamer
Luis Matos,matoslu02,0.583846153,0.6619163,0.7269042360578696,0.7227289535313695,0.07807016255557253,0.1430580830578696,0.13888280053136948,Nuestro
Jake McCarthy,mccarja02,0.749432079,0.67286617,0.7184779593483732,0.7297827821997886,0.07656591336203,0.030954119651626755,0.019649296800211324,ZiPS
Chas McCormick,mccorch01,0.576461814,0.7891948,0.740222529427264,0.7771975630983463,0.2127330083114014,0.163760715427264,0.20073574909834635,Steamer
Andrew McCutchen,mccutan01,0.738869624,0.7467668,0.741746336188095,0.718738400148478,0.007897181648803708,0.002876712188095043,0.020131223851521995,Steamer
Zach McKinstry,mckinza01,0.613623412,0.66350293,0.6915855555842956,0.7034567901234567,0.0498795195948486,0.07796214358429554,0.08983337812345671,Nuestro
Ryan McMahon,mcmahry01,0.721864276,0.7618092,0.7552993845005742,0.7475322182615849,0.03994489424612424,0.033435108500574184,0.025667942261584864,ZiPS
Jeff McNeil,mcneije01,0.692289588,0.72107166,0.7641095133618352,0.7393594210667381,0.028782072518646284,0.07181992536183524,0.047069833066738176,Nuestro
MJ Melendez,melenmj01,0.673818769,0.7210342,0.7679585396922436,0.7809726150141405,0.047215459801727255,0.09413977069224355,0.10715384601414046,Nuestro
Joey Meneses,menesjo01,0.593225927,0.74434006,0.752062791876173,0.7341954108686186,0.15111413514141847,0.158836864876173,0.14096948386861863,ZiPS
Whit Merrifield,merriwh01,0.625171421,0.6997169,0.6795184061164572,0.6675472122302158,0.07454550462103271,0.05434698511645719,0.04237579123021584,ZiPS
Jake Meyers,meyerja02,0.646361276,0.6866524,0.6899086738138718,0.7073717113831727,0.040291145951293905,0.043547397813871735,0.061010435383172634,Nuestro
Owen Miller,milleow01,0.407407407,0.6776518,0.6797325976479304,0.6707098815954602,0.2702444155669861,0.27232519064793037,0.2633024745954602,ZiPS
Andruw Monasterio,monasan01,0.574816901,0.67592365,0.6807253991693054,0.6891545822443301,0.10110674449636836,0.10590849816930537,0.11433768124433008,Nuestro
Yoan Moncada,moncayo01,0.755555555,0.735011,0.7300482642733548,0.7361625423695606,0.020544573440246627,0.02550729072664526,0.019393012630439466,ZiPS
Mickey Moniak,moniami01,0.645652279,0.7784813,0.6909702479327376,0.7090897522904649,0.13282902564553833,0.04531796893273765,0.0634374732904649,Steamer
Elehuris Montero,monteel01,0.570777905,0.74754393,0.7658328101247831,0.7578811562768782,0.17676602600738522,0.19505490512478307,0.1871032512768782,Nuestro
Christopher Morel,morelch01,0.633846765,0.82170457,0.7804192726297847,0.7742706838833094,0.1878578014787292,0.1465725076297847,0.1404239188833094,ZiPS
Gabriel Moreno,morenga01,0.733604221,0.7056696,0.7709935883533796,0.7389937106918238,0.0279346391098938,0.03738936735337961,0.0053894896918238455,ZiPS
Ryan Mountcastle,mountry01,0.732639452,0.7496398,0.7874544812310177,0.7581670914836478,0.01700035713162229,0.054815029231017665,0.02552763948364778,Nuestro
Cedric Mullins,mullice01,0.710283453,0.7827041,0.733913799259287,0.7468595901513471,0.07242066191394048,0.02363034625928706,0.03657613715134711,Steamer
Max Muncy,muncyma01,0.85203266,0.8130384,0.7861734661008186,0.7724476460650878,0.038994251243743894,0.06585919389918138,0.07958501393491224,Nuestro
Max Muncy,muncyma01,0.85203266,0.8130384,0.7861734661008186,0.5754352030947776,0.038994251243743894,0.06585919389918138,0.2765974569052224,Nuestro
Sean Murphy,murphse01,0.636022239,0.7652253,0.7923765985942723,0.8252501087429317,0.12920305225213624,0.15635435959427235,0.1892278697429317,Nuestro
Josh Naylor,naylojo01,0.776103379,0.8291217,0.8247052447325589,0.7980037788548426,0.053018329869934044,0.04860186573255887,0.0219003998548426,ZiPS
Zach Neto,netoza01,0.76053018,0.6617816,0.7362988104466922,0.7619627208234803,0.09874857094161982,0.024231369553307736,0.0014325408234803216,ZiPS
Kevin Newman,newmake01,0.686475409,0.61516774,0.6782755809144817,0.6595224507337969,0.07130767199285892,0.008199828085518335,0.026952958266203142,Steamer
Brandon Nimmo,nimmobr01,0.726599624,0.7947183,0.8053924837035924,0.7899005539119455,0.06811870113809204,0.0787928597035924,0.06330092991194547,ZiPS
Ryan Noda,nodary01,0.465071769,0.74337727,0.7219495119665895,0.7119638635596082,0.27830549931436155,0.2568777429665895,0.24689209455960814,ZiPS
Lars Nootbaar,nootbla01,0.758250824,0.76976025,0.7955726581112658,0.7852509357003519,0.01150942704522706,0.03732183411126577,0.02700011170035188,Nuestro
Ryan O'Hearn,ohearry01,0.760644665,0.77338374,0.7514212631451205,0.7625497198269604,0.012739071610412545,0.009223401854879576,0.0019050548269603507,ZiPS
Shohei Ohtani,ohtansh01,1.036336305,0.9523221,0.9217190275703104,0.9048041389504804,0.08401417956512458,0.11461727742968963,0.13153216604951967,Nuestro
Edward Olivares,olivaed02,0.624149659,0.7814777,0.7472191536244812,0.7580762615038859,0.15732803074304202,0.12306949462448125,0.13392660250388588,Steamer
Matt Olson,olsonma02,0.789513381,0.84334564,0.9146734927880996,0.8751047621597741,0.053832261089843736,0.1251601117880996,0.08559138115977405,Nuestro
Tyler O'Neill,oneilty01,0.847101124,0.7894749,0.7711892312273503,0.8258297917178884,0.05762621946279911,0.07591189277264976,0.021271332282111644,ZiPS
James Outman,outmaja01,0.521116138,0.77544314,0.7333593337901381,0.779601317911744,0.2543269986920471,0.21224319579013806,0.258485179911744,Steamer
Marcell Ozuna,ozunama01,0.924661679,0.82695574,0.8057908581939001,0.7930473089446466,0.0977059433165588,0.1188708208060999,0.13161437005535337,Nuestro
Isaac Paredes,paredis01,0.739322782,0.80877537,0.8091363772340594,0.7951466690098561,0.0694525833526306,0.06981359523405939,0.05582388700985608,ZiPS
Vinnie Pasquantino,pasquvi01,0.760211893,0.7769012,0.8490835593376014,0.833240431066518,0.016689292512542697,0.08887166633760135,0.07302853806651799,Nuestro
Joc Pederson,pederjo01,0.907762899,0.8362461,0.8035595685835202,0.7841398984278057,0.07151682575399776,0.10420333041647978,0.12362300057219422,Nuestro
Jeremy Pena,penaje02,0.701261122,0.6905598,0.7370975016262264,0.68976417551233,0.010701317560455337,0.03583637962622643,0.011496946487669968,Nuestro
David Peralta,peralda01,0.749869621,0.7040801,0.7257282699104914,0.7105000970434108,0.04578951617211913,0.024141351089508545,0.039369523956589214,Steamer
Geraldo Perdomo,perdoge01,0.71771926,0.6518323,0.6909220938493424,0.6793469815865123,0.0658869774568176,0.026797166150657525,0.03837227841348767,Steamer
Salvador Perez,perezsa02,0.786193339,0.7464696,0.7598888290592818,0.7532812681285532,0.03972372211004638,0.0263045099407182,0.032912070871446764,Steamer
Tommy Pham,phamth01,0.673621148,0.7281984,0.7362511536142347,0.716430754621799,0.054577261080505424,0.06263000561423471,0.042809606621799,ZiPS
Jorge Polanco,polanjo01,0.651291333,0.810364,0.7438311923150978,0.7396674917106432,0.15907267494982913,0.09253985931509778,0.0883761587106432,ZiPS
Jurickson Profar,profaju01,0.839310355,0.7137879,0.6976464834454112,0.6838596491228071,0.12552244167755122,0.1416638715545887,0.1554507058771929,Nuestro
Cal Raleigh,raleica01,0.747999345,0.76560605,0.7637221127157277,0.7577278822679916,0.017606700722961444,0.01572276771572767,0.00972853726799161,ZiPS
Luke Raley,raleylu01,0.782959587,0.78587896,0.725757200150424,0.7304175556232856,0.002919369317901599,0.057202386849576015,0.052542031376714426,Nuestro
Harold Ramirez,ramirha02,0.604017215,0.7381052,0.7575022956736901,0.7253623569413044,0.13408796287933344,0.15348508067369004,0.1213451419413043,ZiPS
Jose Ramirez,ramirjo01,0.871898536,0.85036355,0.8662684839051664,0.8482617741426255,0.021534983429656984,0.005630052094833582,0.02363676185737451,Steamer
Hunter Renfroe,renfrhu01,0.689377603,0.76703554,0.7651118868233193,0.7471060147849462,0.07765794091860967,0.07573428382331937,0.057728411784946254,ZiPS
Luis Rengifo,rengilu01,0.763495783,0.7567732,0.7512695386758396,0.728681248284067,0.00672260919094847,0.012226244324160418,0.03481453471593299,Nuestro
Bryan Reynolds,reynobr01,0.790875972,0.8168832,0.8095438021994765,0.7901050904448002,0.026007234367492638,0.018667830199476487,0.0007708815551998871,ZiPS
Austin Riley,rileyau01,0.78313809,0.8423036,0.8623957907167256,0.8700453818105507,0.05916548408523559,0.07925770071672555,0.08690729181055068,Nuestro
Emmanuel Rivera,riverem01,0.655688584,0.67179835,0.7193937268193609,0.7097403366214473,0.016109764426818884,0.0637051428193609,0.054051752621447346,Nuestro
Anthony Rizzo,rizzoan01,0.636644905,0.7929005,0.7695834246279334,0.7467797502797832,0.15625559768173214,0.13293851962793335,0.11013484527978312,ZiPS
Julio Rodriguez,rodriju01,0.733804027,0.8279399,0.8585516666680999,0.8235748965577422,0.09413590057797239,0.12474763966809987,0.08977086955774216,ZiPS
Jake Rogers,rogerja03,0.606805781,0.72792846,0.683491641788257,0.6656184486373166,0.12112267864431758,0.07668586078825701,0.05881266763731652,ZiPS
Josh Rojas,rojasjo01,0.640932636,0.69849277,0.6752738660105682,0.6423362740954348,0.0575601294266358,0.03434123001056821,0.001403638095434867,ZiPS
Miguel Rojas,rojasmi02,0.747736884,0.61641765,0.6774957059982598,0.6541937473314674,0.131319237591919,0.07024117800174023,0.09354313666853264,Steamer
Brent Rooker,rookebr01,0.927091908,0.83825403,0.7430519308419671,0.7866812021262208,0.08883787348080441,0.18403997715803289,0.14041070587377913,Nuestro
Amed Rosario,rosaram01,0.685876453,0.71516806,0.7131275486008164,0.6825976431394973,0.029291605872222903,0.0272510956008164,0.0032788098605026628,ZiPS
Eddie Rosario,rosared01,0.531009357,0.73149216,0.7194046897176269,0.7122445721583652,0.2004828047507935,0.18839533271762698,0.18123521515836527,ZiPS
Esteury Ruiz,ruizes01,0.65165945,0.65021324,0.6861214747556653,0.6842385770305696,0.0014462084228515915,0.03446202475566529,0.03257912703056953,Nuestro
Keibert Ruiz,ruizke01,0.619270938,0.67843056,0.7628979776021271,0.7500229904276219,0.05915961925097657,0.14362703960212708,0.1307520524276219,Nuestro
Adley Rutschman,rutscad01,0.708724725,0.833156,0.8200732922511238,0.8082717759846274,0.12443126464691157,0.11134856725112374,0.09954705098462735,ZiPS
Blake Sabol,sabolbl01,0.796052631,0.71828663,0.6738850579190223,0.6639274603535928,0.0777659975084839,0.1221675730809777,0.13212517064640716,Nuestro
Gary Sanchez,sanchga02,0.698979591,0.7127317,0.7116418871645575,0.7372275694213961,0.013752128017028853,0.012662296164557496,0.038247978421396156,Steamer
Jesus Sanchez,sanchje02,0.730610749,0.7391193,0.7698545402274016,0.7647622933014024,0.008508542305541988,0.039243791227401625,0.03415154430140244,Nuestro
Anthony Santander,santaan02,0.814153028,0.75282264,0.7796795369215161,0.7948404017488739,0.0613303904420166,0.03447349107848385,0.019312626251126064,ZiPS
Carlos Santana,santaca01,0.748628317,0.726668,0.7330186279212603,0.7073468070103899,0.021960316778747546,0.015609689078739719,0.04128150998961011,Steamer
Casey Schmitt,schmica01,0.759821354,0.5934061,0.6597239004055224,0.6492234912737005,0.16641527280035395,0.10009745359447753,0.11059786272629946,Steamer
Kyle Schwarber,schwaky01,0.85077273,0.87043744,0.8353246596239374,0.8189599972058583,0.019664713256378197,0.01544807037606255,0.03181273279414165,Steamer
Corey Seager,seageco01,0.864299397,0.81347585,0.8969316850980249,0.8872316780721765,0.05082354975573733,0.032632288098024875,0.022932281072176486,ZiPS
Marcus Semien,semiema01,0.698568672,0.7760651,0.797882466258277,0.7935452273497074,0.07749643916027837,0.09931379425827702,0.0949765553497075,Nuestro
Nick Senzel,senzeni01,0.613527341,0.682233,0.677248479806607,0.6076513538180712,0.06870563495977788,0.06372113880660701,0.005875987181928721,ZiPS
Gavin Sheets,sheetga01,0.660377691,0.6357577,0.7320344191700918,0.7074977416440831,0.024620006292358387,0.07165672817009183,0.04712005064408309,Nuestro
Zack Short,shortza01,0.453781512,0.6269924,0.6279288609296647,0.615018801150188,0.17321089246090698,0.1741473489296647,0.16123728915018803,ZiPS
Jose Siri,sirijo01,0.620176145,0.76684654,0.6891231571582399,0.6756033878876648,0.1466703925900269,0.06894701215823995,0.055427242887664874,ZiPS
Dominic Smith,smithdo02,0.690885401,0.65955764,0.7264263985573487,0.7398990334085701,0.0313277604474792,0.03554099755734874,0.04901363240857015,Nuestro
Will Smith,smithwi05,0.759978991,0.8149007,0.815142183619117,0.8071842543180123,0.054921705277618416,0.05516319261911695,0.047205263318012336,ZiPS
Donovan Solano,solando01,0.760003201,0.7084687,0.7237213081232885,0.705970532453227,0.05153452538659664,0.03628189287671146,0.05403266854677291,Steamer
Jorge Soler,solerjo01,0.780194171,0.7624836,0.7999103218843517,0.7670445708672697,0.01771057419824218,0.019716150884351746,0.013149600132730255,ZiPS
Edmundo Sosa,sosaed01,0.734186746,0.71873564,0.6862162869625423,0.6900955014908604,0.01545111071939087,0.04797045903745767,0.04409124450913959,Nuestro
Juan Soto,sotoju01,0.988799282,0.953094,0.9809678266399168,0.9374645112694826,0.035705276415283205,0.007831455360083228,0.0513347707305174,Steamer
George Springer,springe01,0.674067975,0.81870914,0.7786105592982941,0.7599949907642215,0.14464116005554195,0.1045425842982941,0.08592701576422146,ZiPS
Jacob Stallings,stallja01,0.809817754,0.5402714,0.6909582027961492,0.6708041140719962,0.26954635259466553,0.11885955120385083,0.13901363992800375,Steamer
Giancarlo Stanton,stantmi03,0.773295088,0.7769492,0.7833358002375622,0.7670220326936745,0.00365413885623167,0.0100407122375622,0.006273055306325492,Nuestro
Spencer Steer,steersp01,0.721036584,0.83578974,0.7704957596437008,0.7957866449779907,0.11475315608560177,0.049459175643700726,0.07475006097799064,Steamer
Tyler Stephenson,stephty01,0.782065389,0.6799865,0.7326932848164465,0.7400065281253401,0.10207891210180664,0.049372104183553533,0.04205886087465993,ZiPS
Bryson Stott,stottbr01,0.670967652,0.71047115,0.7401118236361157,0.6956456554331529,0.039503501259277374,0.06914417163611575,0.024678003433152962,ZiPS
Myles Straw,strawmy01,0.5,0.5820494,0.6417864071336294,0.6289018710033947,0.0820494294166565,0.14178640713362944,0.12890187100339467,Nuestro
Eugenio Suarez,suareeu01,0.788102014,0.7527473,0.7305472982459729,0.7220762976860537,0.03535471671301271,0.05755471575402715,0.06602571631394627,Nuestro
Jack Suwinski,suwinja01,0.588379392,0.76534617,0.7717590150655889,0.8131828743758343,0.17696677747174072,0.18337962306558886,0.22480348237583425,Nuestro
Seiya Suzuki,suzukse01,0.84823384,0.8405495,0.804956592769647,0.8299554436825507,0.007684311401214616,0.04327724723035298,0.01827839631744932,Nuestro
Dansby Swanson,swansda01,0.701486126,0.7583812,0.7380946257050318,0.754576055465309,0.05689506191580196,0.03660849970503177,0.053089929465308994,Steamer
Mike Tauchman,tauchmi01,0.722914669,0.7331109,0.7143176012542648,0.695160031225605,0.010196235693603506,0.00859706774573521,0.02775463777439502,Steamer
Leody Taveras,taverle01,0.641056717,0.7200559,0.7353280463211334,0.7285065574936254,0.07899916116238404,0.09427132932113336,0.08744984049362536,Nuestro
Chris Taylor,tayloch03,0.598428666,0.74553335,0.6950912148120121,0.7163700536886061,0.14710468112982178,0.09666254881201208,0.11794138768860607,Steamer
Rowdy Tellez,tellero01,0.690932318,0.724579,0.7795088526709657,0.7425653294074347,0.03364665863116456,0.08857653467096571,0.051633011407434704,Nuestro
Matt Thaiss,thaisma01,0.621943702,0.6533529,0.6918584970863737,0.6725067385444744,0.031409214240692096,0.06991479508637366,0.05056303654447436,Nuestro
Alek Thomas,thomaal01,0.602992775,0.6734183,0.7332276545416901,0.7208494795228326,0.07042550846252438,0.1302348795416901,0.11785670452283259,Nuestro
Lane Thomas,thomala02,0.709135849,0.7494647,0.7414370602380925,0.7593801156826367,0.040328841685272176,0.032301211238092487,0.05024426668263671,Steamer
Spencer Torkelson,torkesp01,0.669005847,0.6926968,0.7891500230772417,0.8019139566395663,0.02369096276867677,0.1201441760772417,0.13290810963956634,Nuestro
Gleyber Torres,torregl01,0.708510949,0.76314795,0.7979708551569893,0.7959281164695178,0.054637001172424315,0.08945990615698929,0.08741716746951778,Nuestro
Ezequiel Tovar,tovarez01,0.763332188,0.68686235,0.7194555282281606,0.7237426857269832,0.07646983848980715,0.04387665977183941,0.03958950227301683,ZiPS
Mike Trout,troutmi01,0.866681228,0.9088874,0.8631534720194702,0.8773280599095521,0.04220615832202146,0.0035277559805297898,0.010646831909552068,Steamer
Kyle Tucker,tuckeky01,0.99257564,0.8550357,0.8948756478636395,0.8584896892245135,0.1375399177442932,0.09769999213636049,0.13408595077548646,Steamer
Brice Turang,turanbr02,0.664798121,0.60125935,0.6911119782949,0.6575783754727486,0.06353877022332766,0.02631385729489999,0.007219745527251464,ZiPS
Justin Turner,turneju01,0.73696862,0.8189831,0.7404772480442741,0.7484701486141346,0.08201445800292972,0.003508628044274098,0.01150152861413467,Steamer
Trea Turner,turnetr01,0.806969267,0.8675019,0.7865478116242011,0.8211860639392361,0.06053264750119014,0.02042145537579898,0.014216796939236054,ZiPS
Ramon Urias,uriasra01,0.745053253,0.702457,0.7020016902623076,0.7154377880184332,0.04259624225399783,0.043051562737692395,0.029615464981566864,ZiPS
Ildemaro Vargas,vargail01,0.611478483,0.68170875,0.6996327606791422,0.6527795733678087,0.07023027010897831,0.08815427767914219,0.04130109036780871,ZiPS
Miguel Vargas,vargami01,0.5062267,0.6721119,0.7371423083081952,0.7481329956490681,0.16588522846298215,0.23091560830819513,0.24190629564906807,Nuestro
Daulton Varsho,varshda01,0.700376157,0.7206335,0.7458579620727488,0.7593692022263451,0.020257349774902345,0.04548180507274879,0.058993045226345076,Nuestro
Andrew Vaughn,vaughan01,0.699008019,0.78157955,0.7757913080609,0.7797053406998158,0.08257153508096315,0.07678328906090004,0.0806973216998158,Steamer
Christian Vazquez,vazquch01,0.574917708,0.66351485,0.6639335521570022,0.6331270317579395,0.08859714452380374,0.08901584415700226,0.058209323757939524,ZiPS
Alex Verdugo,verdual01,0.646784443,0.748479,0.7428833724987616,0.7455595572318483,0.10169456567462154,0.09609892949876153,0.09877511423184826,Steamer
Matt Vierling,vierlma01,0.734949234,0.7108228,0.7166342614242339,0.704133611691023,0.02412641333654786,0.018314972575766086,0.030815622308977053,Steamer
Anthony Volpe,volpean01,0.657210136,0.65581405,0.7163189850371503,0.7056428760343069,0.0013960843718872074,0.0591088490371503,0.048432740034306865,Nuestro
Christian Walker,walkech02,0.802785845,0.75174844,0.8008012353478048,0.78184252424374,0.051037402350158745,0.0019846096521952683,0.020943320756260042,Steamer
Jordan Walker,walkejo02,0.618662646,0.7693699,0.7766319581614186,0.8046231729055259,0.15070725422659303,0.15796931216141863,0.1859605269055259,Nuestro
Matt Wallner,wallnma01,0.894374781,0.8397712,0.7580934523286273,0.7634526746685918,0.05460356985269166,0.13628132867137266,0.13092210633140822,Nuestro
Taylor Walls,wallsta01,0.529452453,0.63266927,0.6584551838747161,0.6362222976028946,0.10321681703860475,0.12900273087471614,0.10676984460289463,Nuestro
Taylor Ward,wardta01,0.748416288,0.7592049,0.7933223920967594,0.7987290914076564,0.01078863610659786,0.044906104096759325,0.050312803407656315,Nuestro
Drew Waters,waterdr01,0.565789473,0.7034867,0.7134669434776895,0.7222820868451936,0.13769720798449703,0.14767747047768942,0.15649261384519353,Nuestro
Joey Wendle,wendljo01,0.493243243,0.6714458,0.648910429328091,0.6365534630840753,0.17820254395297241,0.15566718632809096,0.14331022008407535,ZiPS
Patrick Wisdom,wisdopa01,0.629399282,0.7613064,0.7245714670934018,0.7550724637681159,0.1319071230674439,0.09517218509340186,0.12567318176811593,Steamer
Connor Wong,wongco01,0.758389261,0.6587435,0.6846569995527811,0.7126809279715813,0.09964576029046635,0.0737322614472189,0.0457083330284187,ZiPS
Mike Yastrzemski,yastrmi01,0.739241468,0.72450995,0.7434359951249222,0.748538545853124,0.014731513547485364,0.004194527124922187,0.009297077853123947,Steamer
Christian Yelich,yelicch01,0.909454501,0.8104591,0.7936156812531102,0.769257050981443,0.09899542364175418,0.11583881974688981,0.140197450018557,Nuestro
Masataka Yoshida,yoshima02,0.764512561,0.7797937,0.8230810458791382,0.8133245263541633,0.015281118714202901,0.05856848487913824,0.04881196535416332,Nuestro
